{"sections":{"featured_collection":{"type":"featured-collection","settings":{"title":"","heading_size":"h2","description":"","show_description":false,"description_style":"body","collection":"all","products_to_show":24,"columns_desktop":4,"full_width":false,"show_view_all":true,"view_all_style":"outline","enable_desktop_slider":false,"color_scheme":"scheme-1","image_ratio":"square","image_shape":"default","show_secondary_image":true,"show_vendor":false,"show_rating":false,"quick_add":"none","columns_mobile":"2","swipe_on_mobile":false,"padding_top":0,"padding_bottom":36}},"featured_collection_8cJX44":{"type":"featured-collection","settings":{"title":"Summer suits","heading_size":"h1","description":"","show_description":false,"description_style":"body","collection":"all","products_to_show":24,"columns_desktop":4,"full_width":false,"show_view_all":true,"view_all_style":"outline","enable_desktop_slider":false,"color_scheme":"scheme-1","image_ratio":"square","image_shape":"default","show_secondary_image":true,"show_vendor":false,"show_rating":false,"quick_add":"none","columns_mobile":"2","swipe_on_mobile":false,"padding_top":0,"padding_bottom":36}}},"order":["featured_collection","featured_collection_8cJX44"]}